id,username,activity_type,description,findings,created_at
1,Substantial-Emu-7725,daily_scan,Daily monitoring scan for u/Substantial-Emu-7725,"{""posts_scanned"": 1, ""comments_scanned"": 0, ""high_risk_items"": 1, ""alerts_generated"": 1, ""max_risk_score"": 61.95, ""status"": ""success""}",2025-11-29 18:19:48.207182
2,Substantial-Emu-7725,daily_scan,Daily monitoring scan for u/Substantial-Emu-7725,"{""posts_scanned"": 1, ""comments_scanned"": 0, ""high_risk_items"": 1, ""alerts_generated"": 1, ""max_risk_score"": 61.95, ""status"": ""success""}",2025-11-29 18:28:56.436768
3,Substantial-Emu-7725,daily_scan,Daily monitoring scan for u/Substantial-Emu-7725,"{""posts_scanned"": 1, ""comments_scanned"": 0, ""high_risk_items"": 1, ""alerts_generated"": 1, ""max_risk_score"": 61.95, ""status"": ""success""}",2025-11-29 18:38:46.306550
4,Substantial-Emu-7725,daily_scan,Daily monitoring scan for u/Substantial-Emu-7725,"{""posts_scanned"": 1, ""comments_scanned"": 0, ""high_risk_items"": 1, ""alerts_generated"": 1, ""max_risk_score"": 61.95, ""status"": ""success""}",2025-11-29 18:47:29.393239
5,Substantial-Emu-7725,daily_scan,Daily monitoring scan for u/Substantial-Emu-7725,"{""posts_scanned"": 1, ""comments_scanned"": 0, ""high_risk_items"": 1, ""alerts_generated"": 1, ""max_risk_score"": 61.95, ""status"": ""success""}",2025-11-29 18:53:43.025349
6,Substantial-Emu-7725,daily_scan,Daily monitoring scan for u/Substantial-Emu-7725,"{""posts_scanned"": 1, ""comments_scanned"": 0, ""high_risk_items"": 1, ""alerts_generated"": 1, ""max_risk_score"": 61.95, ""status"": ""success""}",2025-11-29 18:59:33.231309
7,Substantial-Emu-7725,daily_scan,Daily monitoring scan for u/Substantial-Emu-7725,"{""posts_scanned"": 1, ""comments_scanned"": 0, ""high_risk_items"": 1, ""alerts_generated"": 1, ""max_risk_score"": 61.95, ""status"": ""success""}",2025-11-29 19:08:09.015858
8,Substantial-Emu-7725,daily_scan,Daily monitoring scan for u/Substantial-Emu-7725,"{""posts_scanned"": 1, ""comments_scanned"": 0, ""high_risk_items"": 1, ""alerts_generated"": 1, ""max_risk_score"": 61.95, ""status"": ""success""}",2025-11-29 19:16:48.096583
9,Substantial-Emu-7725,daily_scan,Daily monitoring scan for u/Substantial-Emu-7725,"{""posts_scanned"": 1, ""comments_scanned"": 0, ""high_risk_items"": 1, ""alerts_generated"": 1, ""max_risk_score"": 61.95, ""status"": ""success""}",2025-11-29 19:24:36.985178
10,Substantial-Emu-7725,daily_scan,Daily monitoring scan for u/Substantial-Emu-7725,"{""posts_scanned"": 1, ""comments_scanned"": 0, ""high_risk_items"": 1, ""alerts_generated"": 1, ""max_risk_score"": 61.95, ""status"": ""success""}",2025-11-29 19:32:27.982879
11,Substantial-Emu-7725,daily_scan,Daily monitoring scan for u/Substantial-Emu-7725,"{""posts_scanned"": 1, ""comments_scanned"": 0, ""high_risk_items"": 1, ""alerts_generated"": 1, ""max_risk_score"": 61.95, ""status"": ""success""}",2025-11-29 19:38:46.760438
12,Substantial-Emu-7725,daily_scan,Daily monitoring scan for u/Substantial-Emu-7725,"{""posts_scanned"": 1, ""comments_scanned"": 0, ""high_risk_items"": 1, ""alerts_generated"": 1, ""max_risk_score"": 61.95, ""status"": ""success""}",2025-11-29 19:47:33.714648
13,Substantial-Emu-7725,daily_scan,Daily monitoring scan for u/Substantial-Emu-7725,"{""posts_scanned"": 1, ""comments_scanned"": 0, ""high_risk_items"": 1, ""alerts_generated"": 1, ""max_risk_score"": 61.95, ""status"": ""success""}",2025-11-29 19:56:31.840997
14,Substantial-Emu-7725,daily_scan,Daily monitoring scan for u/Substantial-Emu-7725,"{""posts_scanned"": 1, ""comments_scanned"": 0, ""high_risk_items"": 1, ""alerts_generated"": 1, ""max_risk_score"": 61.95, ""status"": ""success""}",2025-11-29 20:05:28.490792
15,Substantial-Emu-7725,daily_scan,Daily monitoring scan for u/Substantial-Emu-7725,"{""posts_scanned"": 1, ""comments_scanned"": 0, ""high_risk_items"": 1, ""alerts_generated"": 1, ""max_risk_score"": 61.95, ""status"": ""success""}",2025-11-29 20:13:36.371261
16,Substantial-Emu-7725,daily_scan,Daily monitoring scan for u/Substantial-Emu-7725,"{""posts_scanned"": 1, ""comments_scanned"": 0, ""high_risk_items"": 1, ""alerts_generated"": 1, ""max_risk_score"": 61.95, ""status"": ""success""}",2025-11-29 20:19:23.701886
17,Substantial-Emu-7725,daily_scan,Daily monitoring scan for u/Substantial-Emu-7725,"{""posts_scanned"": 1, ""comments_scanned"": 0, ""high_risk_items"": 1, ""alerts_generated"": 1, ""max_risk_score"": 61.95, ""status"": ""success""}",2025-11-29 20:28:28.700320
18,Substantial-Emu-7725,daily_scan,Daily monitoring scan for u/Substantial-Emu-7725,"{""posts_scanned"": 1, ""comments_scanned"": 0, ""high_risk_items"": 1, ""alerts_generated"": 1, ""max_risk_score"": 61.95, ""status"": ""success""}",2025-11-29 20:37:40.850145
19,Substantial-Emu-7725,daily_scan,Daily monitoring scan for u/Substantial-Emu-7725,"{""posts_scanned"": 1, ""comments_scanned"": 0, ""high_risk_items"": 1, ""alerts_generated"": 1, ""max_risk_score"": 61.95, ""status"": ""success""}",2025-11-29 20:47:22.626783
20,Substantial-Emu-7725,daily_scan,Daily monitoring scan for u/Substantial-Emu-7725,"{""posts_scanned"": 1, ""comments_scanned"": 0, ""high_risk_items"": 1, ""alerts_generated"": 1, ""max_risk_score"": 61.95, ""status"": ""success""}",2025-11-29 21:02:24.136531
21,Substantial-Emu-7725,daily_scan,Daily monitoring scan for u/Substantial-Emu-7725,"{""posts_scanned"": 1, ""comments_scanned"": 0, ""high_risk_items"": 1, ""alerts_generated"": 1, ""max_risk_score"": 61.95, ""status"": ""success""}",2025-11-29 21:09:48.613549
22,Substantial-Emu-7725,daily_scan,Daily monitoring scan for u/Substantial-Emu-7725,"{""posts_scanned"": 1, ""comments_scanned"": 0, ""high_risk_items"": 1, ""alerts_generated"": 1, ""max_risk_score"": 61.95, ""status"": ""success""}",2025-11-29 21:38:26.506238
23,Substantial-Emu-7725,daily_scan,Daily monitoring scan for u/Substantial-Emu-7725,"{""posts_scanned"": 1, ""comments_scanned"": 0, ""high_risk_items"": 1, ""alerts_generated"": 1, ""max_risk_score"": 61.95, ""status"": ""success""}",2025-11-29 21:48:19.297280
24,Substantial-Emu-7725,daily_scan,Daily monitoring scan for u/Substantial-Emu-7725,"{""posts_scanned"": 1, ""comments_scanned"": 0, ""high_risk_items"": 1, ""alerts_generated"": 1, ""max_risk_score"": 61.95, ""status"": ""success""}",2025-11-29 21:56:15.588489
25,Substantial-Emu-7725,daily_scan,Daily monitoring scan for u/Substantial-Emu-7725,"{""posts_scanned"": 1, ""comments_scanned"": 0, ""high_risk_items"": 1, ""alerts_generated"": 1, ""max_risk_score"": 61.95, ""status"": ""success""}",2025-11-29 22:04:11.527842
26,Substantial-Emu-7725,daily_scan,Daily monitoring scan for u/Substantial-Emu-7725,"{""posts_scanned"": 1, ""comments_scanned"": 0, ""high_risk_items"": 1, ""alerts_generated"": 1, ""max_risk_score"": 61.95, ""status"": ""success""}",2025-11-29 22:11:49.034149
27,dopabeanes,daily_scan,Daily monitoring scan for u/dopabeanes,"{""posts_scanned"": 13, ""comments_scanned"": 0, ""high_risk_items"": 12, ""alerts_generated"": 12, ""max_risk_score"": 57.45, ""status"": ""success""}",2025-11-29 22:11:51.861002
28,Substantial-Emu-7725,daily_scan,Daily monitoring scan for u/Substantial-Emu-7725,"{""posts_scanned"": 1, ""comments_scanned"": 0, ""high_risk_items"": 1, ""alerts_generated"": 1, ""max_risk_score"": 61.95, ""status"": ""success""}",2025-11-29 22:18:42.056858
29,dopabeanes,daily_scan,Daily monitoring scan for u/dopabeanes,"{""posts_scanned"": 13, ""comments_scanned"": 0, ""high_risk_items"": 12, ""alerts_generated"": 12, ""max_risk_score"": 57.45, ""status"": ""success""}",2025-11-29 22:18:44.921267
30,Substantial-Emu-7725,daily_scan,Daily monitoring scan for u/Substantial-Emu-7725,"{""posts_scanned"": 1, ""comments_scanned"": 0, ""high_risk_items"": 1, ""alerts_generated"": 1, ""max_risk_score"": 61.95, ""status"": ""success""}",2025-11-29 22:26:41.144907
31,dopabeanes,daily_scan,Daily monitoring scan for u/dopabeanes,"{""posts_scanned"": 13, ""comments_scanned"": 0, ""high_risk_items"": 12, ""alerts_generated"": 12, ""max_risk_score"": 57.45, ""status"": ""success""}",2025-11-29 22:26:43.894566
32,fadinsketches,daily_scan,Daily monitoring scan for u/fadinsketches,"{""posts_scanned"": 1, ""comments_scanned"": 0, ""high_risk_items"": 1, ""alerts_generated"": 1, ""max_risk_score"": 51.97, ""status"": ""success""}",2025-11-29 22:26:44.624324
33,Substantial-Emu-7725,daily_scan,Daily monitoring scan for u/Substantial-Emu-7725,"{""posts_scanned"": 1, ""comments_scanned"": 0, ""high_risk_items"": 1, ""alerts_generated"": 1, ""max_risk_score"": 61.95, ""status"": ""success""}",2025-11-29 22:34:34.529365
34,dopabeanes,daily_scan,Daily monitoring scan for u/dopabeanes,"{""posts_scanned"": 13, ""comments_scanned"": 0, ""high_risk_items"": 12, ""alerts_generated"": 12, ""max_risk_score"": 57.45, ""status"": ""success""}",2025-11-29 22:34:37.292965
35,fadinsketches,daily_scan,Daily monitoring scan for u/fadinsketches,"{""posts_scanned"": 1, ""comments_scanned"": 1, ""high_risk_items"": 1, ""alerts_generated"": 1, ""max_risk_score"": 36.4, ""status"": ""success""}",2025-11-29 22:34:38.138283
36,Substantial-Emu-7725,daily_scan,Daily monitoring scan for u/Substantial-Emu-7725,"{""posts_scanned"": 1, ""comments_scanned"": 0, ""high_risk_items"": 1, ""alerts_generated"": 1, ""max_risk_score"": 61.95, ""status"": ""success""}",2025-11-29 22:42:32.660607
37,dopabeanes,daily_scan,Daily monitoring scan for u/dopabeanes,"{""posts_scanned"": 13, ""comments_scanned"": 0, ""high_risk_items"": 12, ""alerts_generated"": 12, ""max_risk_score"": 57.45, ""status"": ""success""}",2025-11-29 22:42:35.652451
38,fadinsketches,daily_scan,Daily monitoring scan for u/fadinsketches,"{""posts_scanned"": 1, ""comments_scanned"": 2, ""high_risk_items"": 1, ""alerts_generated"": 1, ""max_risk_score"": 29.53, ""status"": ""success""}",2025-11-29 22:42:36.456818
39,Substantial-Emu-7725,daily_scan,Daily monitoring scan for u/Substantial-Emu-7725,"{""posts_scanned"": 1, ""comments_scanned"": 0, ""high_risk_items"": 1, ""alerts_generated"": 1, ""max_risk_score"": 61.95, ""status"": ""success""}",2025-11-29 22:49:06.224946
40,dopabeanes,daily_scan,Daily monitoring scan for u/dopabeanes,"{""posts_scanned"": 13, ""comments_scanned"": 0, ""high_risk_items"": 12, ""alerts_generated"": 12, ""max_risk_score"": 57.45, ""status"": ""success""}",2025-11-29 22:49:09.152012
41,fadinsketches,daily_scan,Daily monitoring scan for u/fadinsketches,"{""posts_scanned"": 1, ""comments_scanned"": 2, ""high_risk_items"": 1, ""alerts_generated"": 1, ""max_risk_score"": 29.53, ""status"": ""success""}",2025-11-29 22:49:09.885858
42,Substantial-Emu-7725,daily_scan,Daily monitoring scan for u/Substantial-Emu-7725,"{""posts_scanned"": 1, ""comments_scanned"": 0, ""high_risk_items"": 1, ""alerts_generated"": 1, ""max_risk_score"": 61.95, ""status"": ""success""}",2025-11-29 22:56:55.012948
43,dopabeanes,daily_scan,Daily monitoring scan for u/dopabeanes,"{""posts_scanned"": 13, ""comments_scanned"": 0, ""high_risk_items"": 12, ""alerts_generated"": 12, ""max_risk_score"": 57.45, ""status"": ""success""}",2025-11-29 22:56:57.970184
44,fadinsketches,daily_scan,Daily monitoring scan for u/fadinsketches,"{""posts_scanned"": 1, ""comments_scanned"": 3, ""high_risk_items"": 1, ""alerts_generated"": 1, ""max_risk_score"": 22.68, ""status"": ""success""}",2025-11-29 22:56:58.704906
45,Substantial-Emu-7725,daily_scan,Daily monitoring scan for u/Substantial-Emu-7725,"{""posts_scanned"": 1, ""comments_scanned"": 0, ""high_risk_items"": 1, ""alerts_generated"": 1, ""max_risk_score"": 61.95, ""status"": ""success""}",2025-11-29 23:04:46.983959
46,dopabeanes,daily_scan,Daily monitoring scan for u/dopabeanes,"{""posts_scanned"": 13, ""comments_scanned"": 0, ""high_risk_items"": 12, ""alerts_generated"": 12, ""max_risk_score"": 57.45, ""status"": ""success""}",2025-11-29 23:04:49.827067
47,fadinsketches,daily_scan,Daily monitoring scan for u/fadinsketches,"{""posts_scanned"": 1, ""comments_scanned"": 5, ""high_risk_items"": 1, ""alerts_generated"": 1, ""max_risk_score"": 15.43, ""status"": ""success""}",2025-11-29 23:04:50.502002
48,Substantial-Emu-7725,daily_scan,Daily monitoring scan for u/Substantial-Emu-7725,"{""posts_scanned"": 1, ""comments_scanned"": 0, ""high_risk_items"": 1, ""alerts_generated"": 1, ""max_risk_score"": 61.95, ""status"": ""success""}",2025-11-29 23:13:39.961071
49,dopabeanes,daily_scan,Daily monitoring scan for u/dopabeanes,"{""posts_scanned"": 13, ""comments_scanned"": 0, ""high_risk_items"": 12, ""alerts_generated"": 12, ""max_risk_score"": 57.45, ""status"": ""success""}",2025-11-29 23:13:42.774466
50,fadinsketches,daily_scan,Daily monitoring scan for u/fadinsketches,"{""posts_scanned"": 0, ""comments_scanned"": 5, ""high_risk_items"": 0, ""alerts_generated"": 0, ""max_risk_score"": 5.04, ""status"": ""success""}",2025-11-29 23:13:43.508272
51,Substantial-Emu-7725,daily_scan,Daily monitoring scan for u/Substantial-Emu-7725,"{""posts_scanned"": 1, ""comments_scanned"": 0, ""high_risk_items"": 1, ""alerts_generated"": 1, ""max_risk_score"": 61.95, ""status"": ""success""}",2025-11-29 23:19:33.345846
52,dopabeanes,daily_scan,Daily monitoring scan for u/dopabeanes,"{""posts_scanned"": 13, ""comments_scanned"": 0, ""high_risk_items"": 12, ""alerts_generated"": 12, ""max_risk_score"": 57.45, ""status"": ""success""}",2025-11-29 23:19:36.187156
53,fadinsketches,daily_scan,Daily monitoring scan for u/fadinsketches,"{""posts_scanned"": 0, ""comments_scanned"": 5, ""high_risk_items"": 0, ""alerts_generated"": 0, ""max_risk_score"": 5.04, ""status"": ""success""}",2025-11-29 23:19:36.901897
54,Substantial-Emu-7725,daily_scan,Daily monitoring scan for u/Substantial-Emu-7725,"{""posts_scanned"": 1, ""comments_scanned"": 0, ""high_risk_items"": 1, ""alerts_generated"": 1, ""max_risk_score"": 61.95, ""status"": ""success""}",2025-11-29 23:27:57.511769
55,dopabeanes,daily_scan,Daily monitoring scan for u/dopabeanes,"{""posts_scanned"": 13, ""comments_scanned"": 0, ""high_risk_items"": 12, ""alerts_generated"": 12, ""max_risk_score"": 57.45, ""status"": ""success""}",2025-11-29 23:28:00.272994
56,fadinsketches,daily_scan,Daily monitoring scan for u/fadinsketches,"{""posts_scanned"": 0, ""comments_scanned"": 5, ""high_risk_items"": 0, ""alerts_generated"": 0, ""max_risk_score"": 5.04, ""status"": ""success""}",2025-11-29 23:28:00.953463
57,Substantial-Emu-7725,daily_scan,Daily monitoring scan for u/Substantial-Emu-7725,"{""posts_scanned"": 1, ""comments_scanned"": 0, ""high_risk_items"": 1, ""alerts_generated"": 1, ""max_risk_score"": 61.95, ""status"": ""success""}",2025-11-29 23:36:20.241266
58,dopabeanes,daily_scan,Daily monitoring scan for u/dopabeanes,"{""posts_scanned"": 13, ""comments_scanned"": 0, ""high_risk_items"": 12, ""alerts_generated"": 12, ""max_risk_score"": 57.45, ""status"": ""success""}",2025-11-29 23:36:23.260556
59,fadinsketches,daily_scan,Daily monitoring scan for u/fadinsketches,"{""posts_scanned"": 0, ""comments_scanned"": 5, ""high_risk_items"": 0, ""alerts_generated"": 0, ""max_risk_score"": 5.04, ""status"": ""success""}",2025-11-29 23:36:23.993615
60,Substantial-Emu-7725,daily_scan,Daily monitoring scan for u/Substantial-Emu-7725,"{""posts_scanned"": 1, ""comments_scanned"": 0, ""high_risk_items"": 1, ""alerts_generated"": 1, ""max_risk_score"": 61.95, ""status"": ""success""}",2025-11-29 23:44:05.984896
61,dopabeanes,daily_scan,Daily monitoring scan for u/dopabeanes,"{""posts_scanned"": 13, ""comments_scanned"": 0, ""high_risk_items"": 12, ""alerts_generated"": 12, ""max_risk_score"": 57.45, ""status"": ""success""}",2025-11-29 23:44:09.014020
62,fadinsketches,daily_scan,Daily monitoring scan for u/fadinsketches,"{""posts_scanned"": 0, ""comments_scanned"": 5, ""high_risk_items"": 0, ""alerts_generated"": 0, ""max_risk_score"": 5.04, ""status"": ""success""}",2025-11-29 23:44:09.744626
63,Substantial-Emu-7725,daily_scan,Daily monitoring scan for u/Substantial-Emu-7725,"{""posts_scanned"": 1, ""comments_scanned"": 0, ""high_risk_items"": 1, ""alerts_generated"": 1, ""max_risk_score"": 61.95, ""status"": ""success""}",2025-11-29 23:52:57.254061
64,dopabeanes,daily_scan,Daily monitoring scan for u/dopabeanes,"{""posts_scanned"": 13, ""comments_scanned"": 0, ""high_risk_items"": 12, ""alerts_generated"": 12, ""max_risk_score"": 57.45, ""status"": ""success""}",2025-11-29 23:53:00.099195
65,fadinsketches,daily_scan,Daily monitoring scan for u/fadinsketches,"{""posts_scanned"": 0, ""comments_scanned"": 5, ""high_risk_items"": 0, ""alerts_generated"": 0, ""max_risk_score"": 5.04, ""status"": ""success""}",2025-11-29 23:53:00.805599
66,Substantial-Emu-7725,daily_scan,Daily monitoring scan for u/Substantial-Emu-7725,"{""posts_scanned"": 1, ""comments_scanned"": 0, ""high_risk_items"": 1, ""alerts_generated"": 1, ""max_risk_score"": 61.95, ""status"": ""success""}",2025-11-29 23:59:14.283017
67,dopabeanes,daily_scan,Daily monitoring scan for u/dopabeanes,"{""posts_scanned"": 13, ""comments_scanned"": 0, ""high_risk_items"": 12, ""alerts_generated"": 12, ""max_risk_score"": 57.45, ""status"": ""success""}",2025-11-29 23:59:17.097947
68,fadinsketches,daily_scan,Daily monitoring scan for u/fadinsketches,"{""posts_scanned"": 0, ""comments_scanned"": 5, ""high_risk_items"": 0, ""alerts_generated"": 0, ""max_risk_score"": 5.04, ""status"": ""success""}",2025-11-29 23:59:17.733294
69,Substantial-Emu-7725,daily_scan,Daily monitoring scan for u/Substantial-Emu-7725,"{""posts_scanned"": 1, ""comments_scanned"": 0, ""high_risk_items"": 1, ""alerts_generated"": 1, ""max_risk_score"": 61.95, ""status"": ""success""}",2025-11-30 00:07:44.930382
70,dopabeanes,daily_scan,Daily monitoring scan for u/dopabeanes,"{""posts_scanned"": 13, ""comments_scanned"": 0, ""high_risk_items"": 12, ""alerts_generated"": 12, ""max_risk_score"": 57.45, ""status"": ""success""}",2025-11-30 00:07:47.762421
71,fadinsketches,daily_scan,Daily monitoring scan for u/fadinsketches,"{""posts_scanned"": 0, ""comments_scanned"": 5, ""high_risk_items"": 0, ""alerts_generated"": 0, ""max_risk_score"": 5.04, ""status"": ""success""}",2025-11-30 00:07:48.509594
72,Substantial-Emu-7725,daily_scan,Daily monitoring scan for u/Substantial-Emu-7725,"{""posts_scanned"": 1, ""comments_scanned"": 0, ""high_risk_items"": 1, ""alerts_generated"": 1, ""max_risk_score"": 61.95, ""status"": ""success""}",2025-11-30 00:16:39.560374
73,dopabeanes,daily_scan,Daily monitoring scan for u/dopabeanes,"{""posts_scanned"": 13, ""comments_scanned"": 0, ""high_risk_items"": 12, ""alerts_generated"": 12, ""max_risk_score"": 57.45, ""status"": ""success""}",2025-11-30 00:16:42.365284
74,fadinsketches,daily_scan,Daily monitoring scan for u/fadinsketches,"{""posts_scanned"": 0, ""comments_scanned"": 5, ""high_risk_items"": 0, ""alerts_generated"": 0, ""max_risk_score"": 5.04, ""status"": ""success""}",2025-11-30 00:16:43.036676
75,Substantial-Emu-7725,daily_scan,Daily monitoring scan for u/Substantial-Emu-7725,"{""posts_scanned"": 1, ""comments_scanned"": 0, ""high_risk_items"": 1, ""alerts_generated"": 1, ""max_risk_score"": 61.95, ""status"": ""success""}",2025-11-30 00:25:29.750117
76,dopabeanes,daily_scan,Daily monitoring scan for u/dopabeanes,"{""posts_scanned"": 13, ""comments_scanned"": 0, ""high_risk_items"": 12, ""alerts_generated"": 12, ""max_risk_score"": 57.45, ""status"": ""success""}",2025-11-30 00:25:32.618331
77,fadinsketches,daily_scan,Daily monitoring scan for u/fadinsketches,"{""posts_scanned"": 0, ""comments_scanned"": 5, ""high_risk_items"": 0, ""alerts_generated"": 0, ""max_risk_score"": 5.04, ""status"": ""success""}",2025-11-30 00:25:33.269738
78,Substantial-Emu-7725,daily_scan,Daily monitoring scan for u/Substantial-Emu-7725,"{""posts_scanned"": 1, ""comments_scanned"": 0, ""high_risk_items"": 1, ""alerts_generated"": 1, ""max_risk_score"": 61.95, ""status"": ""success""}",2025-11-30 00:33:42.402479
79,dopabeanes,daily_scan,Daily monitoring scan for u/dopabeanes,"{""posts_scanned"": 13, ""comments_scanned"": 0, ""high_risk_items"": 12, ""alerts_generated"": 12, ""max_risk_score"": 57.45, ""status"": ""success""}",2025-11-30 00:33:45.286758
80,fadinsketches,daily_scan,Daily monitoring scan for u/fadinsketches,"{""posts_scanned"": 0, ""comments_scanned"": 5, ""high_risk_items"": 0, ""alerts_generated"": 0, ""max_risk_score"": 5.04, ""status"": ""success""}",2025-11-30 00:33:47.382455
81,Substantial-Emu-7725,daily_scan,Daily monitoring scan for u/Substantial-Emu-7725,"{""posts_scanned"": 1, ""comments_scanned"": 0, ""high_risk_items"": 1, ""alerts_generated"": 1, ""max_risk_score"": 61.95, ""status"": ""success""}",2025-11-30 00:39:45.028179
82,dopabeanes,daily_scan,Daily monitoring scan for u/dopabeanes,"{""posts_scanned"": 13, ""comments_scanned"": 0, ""high_risk_items"": 12, ""alerts_generated"": 12, ""max_risk_score"": 57.45, ""status"": ""success""}",2025-11-30 00:39:47.849109
83,fadinsketches,daily_scan,Daily monitoring scan for u/fadinsketches,"{""posts_scanned"": 0, ""comments_scanned"": 5, ""high_risk_items"": 0, ""alerts_generated"": 0, ""max_risk_score"": 5.04, ""status"": ""success""}",2025-11-30 00:39:48.481752
84,Substantial-Emu-7725,daily_scan,Daily monitoring scan for u/Substantial-Emu-7725,"{""posts_scanned"": 1, ""comments_scanned"": 0, ""high_risk_items"": 1, ""alerts_generated"": 1, ""max_risk_score"": 61.95, ""status"": ""success""}",2025-11-30 00:48:05.181010
85,dopabeanes,daily_scan,Daily monitoring scan for u/dopabeanes,"{""posts_scanned"": 13, ""comments_scanned"": 0, ""high_risk_items"": 12, ""alerts_generated"": 12, ""max_risk_score"": 57.45, ""status"": ""success""}",2025-11-30 00:48:08.027702
86,fadinsketches,daily_scan,Daily monitoring scan for u/fadinsketches,"{""posts_scanned"": 0, ""comments_scanned"": 5, ""high_risk_items"": 0, ""alerts_generated"": 0, ""max_risk_score"": 5.04, ""status"": ""success""}",2025-11-30 00:48:08.665870
87,Substantial-Emu-7725,daily_scan,Daily monitoring scan for u/Substantial-Emu-7725,"{""posts_scanned"": 1, ""comments_scanned"": 0, ""high_risk_items"": 1, ""alerts_generated"": 1, ""max_risk_score"": 61.95, ""status"": ""success""}",2025-11-30 00:56:41.065575
88,dopabeanes,daily_scan,Daily monitoring scan for u/dopabeanes,"{""posts_scanned"": 13, ""comments_scanned"": 0, ""high_risk_items"": 12, ""alerts_generated"": 12, ""max_risk_score"": 57.45, ""status"": ""success""}",2025-11-30 00:56:43.943676
89,fadinsketches,daily_scan,Daily monitoring scan for u/fadinsketches,"{""posts_scanned"": 0, ""comments_scanned"": 5, ""high_risk_items"": 0, ""alerts_generated"": 0, ""max_risk_score"": 5.04, ""status"": ""success""}",2025-11-30 00:56:44.603892
90,Substantial-Emu-7725,daily_scan,Daily monitoring scan for u/Substantial-Emu-7725,"{""posts_scanned"": 1, ""comments_scanned"": 0, ""high_risk_items"": 1, ""alerts_generated"": 1, ""max_risk_score"": 61.95, ""status"": ""success""}",2025-11-30 01:05:59.854922
91,dopabeanes,daily_scan,Daily monitoring scan for u/dopabeanes,"{""posts_scanned"": 13, ""comments_scanned"": 0, ""high_risk_items"": 12, ""alerts_generated"": 12, ""max_risk_score"": 57.45, ""status"": ""success""}",2025-11-30 01:06:02.667346
92,fadinsketches,daily_scan,Daily monitoring scan for u/fadinsketches,"{""posts_scanned"": 0, ""comments_scanned"": 5, ""high_risk_items"": 0, ""alerts_generated"": 0, ""max_risk_score"": 5.04, ""status"": ""success""}",2025-11-30 01:06:03.563898
93,Substantial-Emu-7725,daily_scan,Daily monitoring scan for u/Substantial-Emu-7725,"{""posts_scanned"": 1, ""comments_scanned"": 0, ""high_risk_items"": 1, ""alerts_generated"": 1, ""max_risk_score"": 61.95, ""status"": ""success""}",2025-11-30 01:15:30.621972
94,dopabeanes,daily_scan,Daily monitoring scan for u/dopabeanes,"{""posts_scanned"": 13, ""comments_scanned"": 0, ""high_risk_items"": 12, ""alerts_generated"": 12, ""max_risk_score"": 57.45, ""status"": ""success""}",2025-11-30 01:15:33.463364
95,fadinsketches,daily_scan,Daily monitoring scan for u/fadinsketches,"{""posts_scanned"": 0, ""comments_scanned"": 5, ""high_risk_items"": 0, ""alerts_generated"": 0, ""max_risk_score"": 5.04, ""status"": ""success""}",2025-11-30 01:15:34.120484
96,Substantial-Emu-7725,daily_scan,Daily monitoring scan for u/Substantial-Emu-7725,"{""posts_scanned"": 1, ""comments_scanned"": 0, ""high_risk_items"": 1, ""alerts_generated"": 1, ""max_risk_score"": 61.95, ""status"": ""success""}",2025-11-30 01:25:14.414433
97,dopabeanes,daily_scan,Daily monitoring scan for u/dopabeanes,"{""posts_scanned"": 13, ""comments_scanned"": 0, ""high_risk_items"": 12, ""alerts_generated"": 12, ""max_risk_score"": 57.45, ""status"": ""success""}",2025-11-30 01:25:17.322579
98,fadinsketches,daily_scan,Daily monitoring scan for u/fadinsketches,"{""posts_scanned"": 0, ""comments_scanned"": 5, ""high_risk_items"": 0, ""alerts_generated"": 0, ""max_risk_score"": 5.04, ""status"": ""success""}",2025-11-30 01:25:18.071958
99,Substantial-Emu-7725,daily_scan,Daily monitoring scan for u/Substantial-Emu-7725,"{""posts_scanned"": 1, ""comments_scanned"": 0, ""high_risk_items"": 1, ""alerts_generated"": 1, ""max_risk_score"": 61.95, ""status"": ""success""}",2025-11-30 01:34:33.546624
100,dopabeanes,daily_scan,Daily monitoring scan for u/dopabeanes,"{""posts_scanned"": 13, ""comments_scanned"": 0, ""high_risk_items"": 12, ""alerts_generated"": 12, ""max_risk_score"": 57.45, ""status"": ""success""}",2025-11-30 01:34:36.738052
101,fadinsketches,daily_scan,Daily monitoring scan for u/fadinsketches,"{""posts_scanned"": 0, ""comments_scanned"": 5, ""high_risk_items"": 0, ""alerts_generated"": 0, ""max_risk_score"": 5.04, ""status"": ""success""}",2025-11-30 01:34:37.451451
102,Substantial-Emu-7725,daily_scan,Daily monitoring scan for u/Substantial-Emu-7725,"{""posts_scanned"": 1, ""comments_scanned"": 0, ""high_risk_items"": 1, ""alerts_generated"": 1, ""max_risk_score"": 61.95, ""status"": ""success""}",2025-11-30 01:39:46.209061
103,dopabeanes,daily_scan,Daily monitoring scan for u/dopabeanes,"{""posts_scanned"": 13, ""comments_scanned"": 0, ""high_risk_items"": 12, ""alerts_generated"": 12, ""max_risk_score"": 57.45, ""status"": ""success""}",2025-11-30 01:39:49.068283
104,fadinsketches,daily_scan,Daily monitoring scan for u/fadinsketches,"{""posts_scanned"": 0, ""comments_scanned"": 5, ""high_risk_items"": 0, ""alerts_generated"": 0, ""max_risk_score"": 5.04, ""status"": ""success""}",2025-11-30 01:39:49.759415
105,Substantial-Emu-7725,daily_scan,Daily monitoring scan for u/Substantial-Emu-7725,"{""posts_scanned"": 1, ""comments_scanned"": 0, ""high_risk_items"": 1, ""alerts_generated"": 1, ""max_risk_score"": 61.95, ""status"": ""success""}",2025-11-30 01:49:18.125827
106,dopabeanes,daily_scan,Daily monitoring scan for u/dopabeanes,"{""posts_scanned"": 13, ""comments_scanned"": 0, ""high_risk_items"": 12, ""alerts_generated"": 12, ""max_risk_score"": 57.45, ""status"": ""success""}",2025-11-30 01:49:21.029936
107,fadinsketches,daily_scan,Daily monitoring scan for u/fadinsketches,"{""posts_scanned"": 0, ""comments_scanned"": 5, ""high_risk_items"": 0, ""alerts_generated"": 0, ""max_risk_score"": 5.04, ""status"": ""success""}",2025-11-30 01:49:21.702300
108,Substantial-Emu-7725,daily_scan,Daily monitoring scan for u/Substantial-Emu-7725,"{""posts_scanned"": 1, ""comments_scanned"": 0, ""high_risk_items"": 1, ""alerts_generated"": 1, ""max_risk_score"": 61.95, ""status"": ""success""}",2025-11-30 01:58:50.660644
109,dopabeanes,daily_scan,Daily monitoring scan for u/dopabeanes,"{""posts_scanned"": 13, ""comments_scanned"": 0, ""high_risk_items"": 12, ""alerts_generated"": 12, ""max_risk_score"": 57.45, ""status"": ""success""}",2025-11-30 01:58:53.704511
110,fadinsketches,daily_scan,Daily monitoring scan for u/fadinsketches,"{""posts_scanned"": 0, ""comments_scanned"": 5, ""high_risk_items"": 0, ""alerts_generated"": 0, ""max_risk_score"": 5.04, ""status"": ""success""}",2025-11-30 01:58:54.375047
111,Substantial-Emu-7725,daily_scan,Daily monitoring scan for u/Substantial-Emu-7725,"{""posts_scanned"": 1, ""comments_scanned"": 0, ""high_risk_items"": 1, ""alerts_generated"": 1, ""max_risk_score"": 61.95, ""status"": ""success""}",2025-11-30 02:08:18.655828
112,dopabeanes,daily_scan,Daily monitoring scan for u/dopabeanes,"{""posts_scanned"": 13, ""comments_scanned"": 0, ""high_risk_items"": 12, ""alerts_generated"": 12, ""max_risk_score"": 57.45, ""status"": ""success""}",2025-11-30 02:08:21.458204
113,fadinsketches,daily_scan,Daily monitoring scan for u/fadinsketches,"{""posts_scanned"": 0, ""comments_scanned"": 5, ""high_risk_items"": 0, ""alerts_generated"": 0, ""max_risk_score"": 5.04, ""status"": ""success""}",2025-11-30 02:08:22.177674
114,Substantial-Emu-7725,daily_scan,Daily monitoring scan for u/Substantial-Emu-7725,"{""posts_scanned"": 1, ""comments_scanned"": 0, ""high_risk_items"": 1, ""alerts_generated"": 1, ""max_risk_score"": 61.95, ""status"": ""success""}",2025-11-30 02:17:49.004750
115,dopabeanes,daily_scan,Daily monitoring scan for u/dopabeanes,"{""posts_scanned"": 13, ""comments_scanned"": 0, ""high_risk_items"": 12, ""alerts_generated"": 12, ""max_risk_score"": 57.45, ""status"": ""success""}",2025-11-30 02:17:51.849224
116,fadinsketches,daily_scan,Daily monitoring scan for u/fadinsketches,"{""posts_scanned"": 0, ""comments_scanned"": 5, ""high_risk_items"": 0, ""alerts_generated"": 0, ""max_risk_score"": 5.04, ""status"": ""success""}",2025-11-30 02:17:52.485578
117,Substantial-Emu-7725,daily_scan,Daily monitoring scan for u/Substantial-Emu-7725,"{""posts_scanned"": 1, ""comments_scanned"": 0, ""high_risk_items"": 1, ""alerts_generated"": 1, ""max_risk_score"": 61.95, ""status"": ""success""}",2025-11-30 02:27:29.571421
118,dopabeanes,daily_scan,Daily monitoring scan for u/dopabeanes,"{""posts_scanned"": 13, ""comments_scanned"": 0, ""high_risk_items"": 12, ""alerts_generated"": 12, ""max_risk_score"": 57.45, ""status"": ""success""}",2025-11-30 02:27:32.415598
119,fadinsketches,daily_scan,Daily monitoring scan for u/fadinsketches,"{""posts_scanned"": 0, ""comments_scanned"": 5, ""high_risk_items"": 0, ""alerts_generated"": 0, ""max_risk_score"": 5.04, ""status"": ""success""}",2025-11-30 02:27:33.086739
120,Substantial-Emu-7725,daily_scan,Daily monitoring scan for u/Substantial-Emu-7725,"{""posts_scanned"": 1, ""comments_scanned"": 0, ""high_risk_items"": 1, ""alerts_generated"": 1, ""max_risk_score"": 61.95, ""status"": ""success""}",2025-11-30 02:37:11.761324
121,dopabeanes,daily_scan,Daily monitoring scan for u/dopabeanes,"{""posts_scanned"": 13, ""comments_scanned"": 0, ""high_risk_items"": 12, ""alerts_generated"": 12, ""max_risk_score"": 57.45, ""status"": ""success""}",2025-11-30 02:37:14.613965
122,fadinsketches,daily_scan,Daily monitoring scan for u/fadinsketches,"{""posts_scanned"": 0, ""comments_scanned"": 5, ""high_risk_items"": 0, ""alerts_generated"": 0, ""max_risk_score"": 5.04, ""status"": ""success""}",2025-11-30 02:37:15.290625
123,Substantial-Emu-7725,daily_scan,Daily monitoring scan for u/Substantial-Emu-7725,"{""posts_scanned"": 1, ""comments_scanned"": 0, ""high_risk_items"": 1, ""alerts_generated"": 1, ""max_risk_score"": 61.95, ""status"": ""success""}",2025-11-30 02:46:30.145251
124,dopabeanes,daily_scan,Daily monitoring scan for u/dopabeanes,"{""posts_scanned"": 13, ""comments_scanned"": 0, ""high_risk_items"": 12, ""alerts_generated"": 12, ""max_risk_score"": 57.45, ""status"": ""success""}",2025-11-30 02:46:32.878619
125,fadinsketches,daily_scan,Daily monitoring scan for u/fadinsketches,"{""posts_scanned"": 0, ""comments_scanned"": 5, ""high_risk_items"": 0, ""alerts_generated"": 0, ""max_risk_score"": 5.04, ""status"": ""success""}",2025-11-30 02:46:33.592245
126,Substantial-Emu-7725,daily_scan,Daily monitoring scan for u/Substantial-Emu-7725,"{""posts_scanned"": 1, ""comments_scanned"": 0, ""high_risk_items"": 1, ""alerts_generated"": 1, ""max_risk_score"": 61.95, ""status"": ""success""}",2025-11-30 02:55:46.896608
127,dopabeanes,daily_scan,Daily monitoring scan for u/dopabeanes,"{""posts_scanned"": 13, ""comments_scanned"": 0, ""high_risk_items"": 12, ""alerts_generated"": 12, ""max_risk_score"": 57.45, ""status"": ""success""}",2025-11-30 02:55:49.740116
128,fadinsketches,daily_scan,Daily monitoring scan for u/fadinsketches,"{""posts_scanned"": 0, ""comments_scanned"": 5, ""high_risk_items"": 0, ""alerts_generated"": 0, ""max_risk_score"": 5.04, ""status"": ""success""}",2025-11-30 02:55:50.543610
129,Substantial-Emu-7725,daily_scan,Daily monitoring scan for u/Substantial-Emu-7725,"{""posts_scanned"": 1, ""comments_scanned"": 0, ""high_risk_items"": 1, ""alerts_generated"": 1, ""max_risk_score"": 61.95, ""status"": ""success""}",2025-11-30 03:05:27.899567
130,dopabeanes,daily_scan,Daily monitoring scan for u/dopabeanes,"{""posts_scanned"": 13, ""comments_scanned"": 0, ""high_risk_items"": 12, ""alerts_generated"": 12, ""max_risk_score"": 57.45, ""status"": ""success""}",2025-11-30 03:05:30.730297
131,fadinsketches,daily_scan,Daily monitoring scan for u/fadinsketches,"{""posts_scanned"": 0, ""comments_scanned"": 5, ""high_risk_items"": 0, ""alerts_generated"": 0, ""max_risk_score"": 5.04, ""status"": ""success""}",2025-11-30 03:05:31.415895
132,Substantial-Emu-7725,daily_scan,Daily monitoring scan for u/Substantial-Emu-7725,"{""posts_scanned"": 1, ""comments_scanned"": 0, ""high_risk_items"": 1, ""alerts_generated"": 1, ""max_risk_score"": 61.95, ""status"": ""success""}",2025-11-30 03:15:03.237657
133,dopabeanes,daily_scan,Daily monitoring scan for u/dopabeanes,"{""posts_scanned"": 13, ""comments_scanned"": 0, ""high_risk_items"": 12, ""alerts_generated"": 12, ""max_risk_score"": 57.45, ""status"": ""success""}",2025-11-30 03:15:06.097540
134,fadinsketches,daily_scan,Daily monitoring scan for u/fadinsketches,"{""posts_scanned"": 0, ""comments_scanned"": 5, ""high_risk_items"": 0, ""alerts_generated"": 0, ""max_risk_score"": 5.04, ""status"": ""success""}",2025-11-30 03:15:06.770672
135,Substantial-Emu-7725,daily_scan,Daily monitoring scan for u/Substantial-Emu-7725,"{""posts_scanned"": 1, ""comments_scanned"": 0, ""high_risk_items"": 1, ""alerts_generated"": 1, ""max_risk_score"": 61.95, ""status"": ""success""}",2025-11-30 03:24:22.869941
136,dopabeanes,daily_scan,Daily monitoring scan for u/dopabeanes,"{""posts_scanned"": 13, ""comments_scanned"": 0, ""high_risk_items"": 12, ""alerts_generated"": 12, ""max_risk_score"": 57.45, ""status"": ""success""}",2025-11-30 03:24:25.705206
137,fadinsketches,daily_scan,Daily monitoring scan for u/fadinsketches,"{""posts_scanned"": 0, ""comments_scanned"": 5, ""high_risk_items"": 0, ""alerts_generated"": 0, ""max_risk_score"": 5.04, ""status"": ""success""}",2025-11-30 03:24:26.337924
138,Substantial-Emu-7725,daily_scan,Daily monitoring scan for u/Substantial-Emu-7725,"{""posts_scanned"": 1, ""comments_scanned"": 0, ""high_risk_items"": 1, ""alerts_generated"": 1, ""max_risk_score"": 61.95, ""status"": ""success""}",2025-11-30 03:29:29.376642
139,dopabeanes,daily_scan,Daily monitoring scan for u/dopabeanes,"{""posts_scanned"": 13, ""comments_scanned"": 0, ""high_risk_items"": 12, ""alerts_generated"": 12, ""max_risk_score"": 57.45, ""status"": ""success""}",2025-11-30 03:29:32.325073
140,fadinsketches,daily_scan,Daily monitoring scan for u/fadinsketches,"{""posts_scanned"": 0, ""comments_scanned"": 5, ""high_risk_items"": 0, ""alerts_generated"": 0, ""max_risk_score"": 5.04, ""status"": ""success""}",2025-11-30 03:29:32.966736
141,Substantial-Emu-7725,daily_scan,Daily monitoring scan for u/Substantial-Emu-7725,"{""posts_scanned"": 1, ""comments_scanned"": 0, ""high_risk_items"": 1, ""alerts_generated"": 1, ""max_risk_score"": 61.95, ""status"": ""success""}",2025-11-30 03:38:53.654722
142,dopabeanes,daily_scan,Daily monitoring scan for u/dopabeanes,"{""posts_scanned"": 13, ""comments_scanned"": 0, ""high_risk_items"": 12, ""alerts_generated"": 12, ""max_risk_score"": 57.45, ""status"": ""success""}",2025-11-30 03:38:56.487033
143,fadinsketches,daily_scan,Daily monitoring scan for u/fadinsketches,"{""posts_scanned"": 0, ""comments_scanned"": 5, ""high_risk_items"": 0, ""alerts_generated"": 0, ""max_risk_score"": 5.04, ""status"": ""success""}",2025-11-30 03:38:57.132559
144,Substantial-Emu-7725,daily_scan,Daily monitoring scan for u/Substantial-Emu-7725,"{""posts_scanned"": 1, ""comments_scanned"": 0, ""high_risk_items"": 1, ""alerts_generated"": 1, ""max_risk_score"": 61.95, ""status"": ""success""}",2025-11-30 03:48:16.332426
145,dopabeanes,daily_scan,Daily monitoring scan for u/dopabeanes,"{""posts_scanned"": 13, ""comments_scanned"": 0, ""high_risk_items"": 12, ""alerts_generated"": 12, ""max_risk_score"": 57.45, ""status"": ""success""}",2025-11-30 03:48:19.202158
146,fadinsketches,daily_scan,Daily monitoring scan for u/fadinsketches,"{""posts_scanned"": 0, ""comments_scanned"": 5, ""high_risk_items"": 0, ""alerts_generated"": 0, ""max_risk_score"": 5.04, ""status"": ""success""}",2025-11-30 03:48:19.828620
147,Substantial-Emu-7725,daily_scan,Daily monitoring scan for u/Substantial-Emu-7725,"{""posts_scanned"": 1, ""comments_scanned"": 0, ""high_risk_items"": 1, ""alerts_generated"": 1, ""max_risk_score"": 61.95, ""status"": ""success""}",2025-11-30 03:57:59.258338
148,dopabeanes,daily_scan,Daily monitoring scan for u/dopabeanes,"{""posts_scanned"": 13, ""comments_scanned"": 0, ""high_risk_items"": 12, ""alerts_generated"": 12, ""max_risk_score"": 57.45, ""status"": ""success""}",2025-11-30 03:58:02.077797
149,fadinsketches,daily_scan,Daily monitoring scan for u/fadinsketches,"{""posts_scanned"": 0, ""comments_scanned"": 5, ""high_risk_items"": 0, ""alerts_generated"": 0, ""max_risk_score"": 5.04, ""status"": ""success""}",2025-11-30 03:58:02.746338
150,Substantial-Emu-7725,daily_scan,Daily monitoring scan for u/Substantial-Emu-7725,"{""posts_scanned"": 1, ""comments_scanned"": 0, ""high_risk_items"": 1, ""alerts_generated"": 1, ""max_risk_score"": 61.95, ""status"": ""success""}",2025-11-30 04:07:39.678033
151,dopabeanes,daily_scan,Daily monitoring scan for u/dopabeanes,"{""posts_scanned"": 13, ""comments_scanned"": 0, ""high_risk_items"": 12, ""alerts_generated"": 12, ""max_risk_score"": 57.45, ""status"": ""success""}",2025-11-30 04:07:42.528998
152,fadinsketches,daily_scan,Daily monitoring scan for u/fadinsketches,"{""posts_scanned"": 0, ""comments_scanned"": 5, ""high_risk_items"": 0, ""alerts_generated"": 0, ""max_risk_score"": 5.04, ""status"": ""success""}",2025-11-30 04:07:43.249075
153,Substantial-Emu-7725,daily_scan,Daily monitoring scan for u/Substantial-Emu-7725,"{""posts_scanned"": 1, ""comments_scanned"": 0, ""high_risk_items"": 1, ""alerts_generated"": 1, ""max_risk_score"": 61.95, ""status"": ""success""}",2025-11-30 04:17:12.005664
154,dopabeanes,daily_scan,Daily monitoring scan for u/dopabeanes,"{""posts_scanned"": 13, ""comments_scanned"": 0, ""high_risk_items"": 12, ""alerts_generated"": 12, ""max_risk_score"": 57.45, ""status"": ""success""}",2025-11-30 04:17:14.823977
155,fadinsketches,daily_scan,Daily monitoring scan for u/fadinsketches,"{""posts_scanned"": 0, ""comments_scanned"": 5, ""high_risk_items"": 0, ""alerts_generated"": 0, ""max_risk_score"": 5.04, ""status"": ""success""}",2025-11-30 04:17:15.556109
156,Substantial-Emu-7725,daily_scan,Daily monitoring scan for u/Substantial-Emu-7725,"{""posts_scanned"": 1, ""comments_scanned"": 0, ""high_risk_items"": 1, ""alerts_generated"": 1, ""max_risk_score"": 61.95, ""status"": ""success""}",2025-11-30 04:26:46.475868
157,dopabeanes,daily_scan,Daily monitoring scan for u/dopabeanes,"{""posts_scanned"": 13, ""comments_scanned"": 0, ""high_risk_items"": 12, ""alerts_generated"": 12, ""max_risk_score"": 57.45, ""status"": ""success""}",2025-11-30 04:26:49.454329
158,fadinsketches,daily_scan,Daily monitoring scan for u/fadinsketches,"{""posts_scanned"": 0, ""comments_scanned"": 5, ""high_risk_items"": 0, ""alerts_generated"": 0, ""max_risk_score"": 5.04, ""status"": ""success""}",2025-11-30 04:26:50.129859
159,Substantial-Emu-7725,daily_scan,Daily monitoring scan for u/Substantial-Emu-7725,"{""posts_scanned"": 1, ""comments_scanned"": 0, ""high_risk_items"": 1, ""alerts_generated"": 1, ""max_risk_score"": 61.95, ""status"": ""success""}",2025-11-30 04:36:20.578332
160,dopabeanes,daily_scan,Daily monitoring scan for u/dopabeanes,"{""posts_scanned"": 13, ""comments_scanned"": 0, ""high_risk_items"": 12, ""alerts_generated"": 12, ""max_risk_score"": 57.45, ""status"": ""success""}",2025-11-30 04:36:23.402354
161,fadinsketches,daily_scan,Daily monitoring scan for u/fadinsketches,"{""posts_scanned"": 0, ""comments_scanned"": 5, ""high_risk_items"": 0, ""alerts_generated"": 0, ""max_risk_score"": 5.04, ""status"": ""success""}",2025-11-30 04:36:24.070480
162,Substantial-Emu-7725,daily_scan,Daily monitoring scan for u/Substantial-Emu-7725,"{""posts_scanned"": 1, ""comments_scanned"": 0, ""high_risk_items"": 1, ""alerts_generated"": 1, ""max_risk_score"": 61.95, ""status"": ""success""}",2025-11-30 04:45:42.972972
163,dopabeanes,daily_scan,Daily monitoring scan for u/dopabeanes,"{""posts_scanned"": 13, ""comments_scanned"": 0, ""high_risk_items"": 12, ""alerts_generated"": 12, ""max_risk_score"": 57.45, ""status"": ""success""}",2025-11-30 04:45:45.881127
164,fadinsketches,daily_scan,Daily monitoring scan for u/fadinsketches,"{""posts_scanned"": 0, ""comments_scanned"": 5, ""high_risk_items"": 0, ""alerts_generated"": 0, ""max_risk_score"": 5.04, ""status"": ""success""}",2025-11-30 04:45:46.516744
165,Substantial-Emu-7725,daily_scan,Daily monitoring scan for u/Substantial-Emu-7725,"{""posts_scanned"": 1, ""comments_scanned"": 0, ""high_risk_items"": 1, ""alerts_generated"": 1, ""max_risk_score"": 61.95, ""status"": ""success""}",2025-11-30 04:55:14.242504
166,dopabeanes,daily_scan,Daily monitoring scan for u/dopabeanes,"{""posts_scanned"": 13, ""comments_scanned"": 0, ""high_risk_items"": 12, ""alerts_generated"": 12, ""max_risk_score"": 57.45, ""status"": ""success""}",2025-11-30 04:55:17.408937
167,fadinsketches,daily_scan,Daily monitoring scan for u/fadinsketches,"{""posts_scanned"": 0, ""comments_scanned"": 5, ""high_risk_items"": 0, ""alerts_generated"": 0, ""max_risk_score"": 5.04, ""status"": ""success""}",2025-11-30 04:55:18.102274
168,Substantial-Emu-7725,daily_scan,Daily monitoring scan for u/Substantial-Emu-7725,"{""posts_scanned"": 1, ""comments_scanned"": 0, ""high_risk_items"": 1, ""alerts_generated"": 1, ""max_risk_score"": 61.95, ""status"": ""success""}",2025-11-30 05:04:41.547428
169,dopabeanes,daily_scan,Daily monitoring scan for u/dopabeanes,"{""posts_scanned"": 13, ""comments_scanned"": 0, ""high_risk_items"": 12, ""alerts_generated"": 12, ""max_risk_score"": 57.45, ""status"": ""success""}",2025-11-30 05:04:44.411236
170,fadinsketches,daily_scan,Daily monitoring scan for u/fadinsketches,"{""posts_scanned"": 0, ""comments_scanned"": 5, ""high_risk_items"": 0, ""alerts_generated"": 0, ""max_risk_score"": 5.04, ""status"": ""success""}",2025-11-30 05:04:45.099342
171,Substantial-Emu-7725,daily_scan,Daily monitoring scan for u/Substantial-Emu-7725,"{""posts_scanned"": 1, ""comments_scanned"": 0, ""high_risk_items"": 1, ""alerts_generated"": 1, ""max_risk_score"": 61.95, ""status"": ""success""}",2025-11-30 05:09:48.134828
172,dopabeanes,daily_scan,Daily monitoring scan for u/dopabeanes,"{""posts_scanned"": 13, ""comments_scanned"": 0, ""high_risk_items"": 12, ""alerts_generated"": 12, ""max_risk_score"": 57.45, ""status"": ""success""}",2025-11-30 05:09:50.985820
173,fadinsketches,daily_scan,Daily monitoring scan for u/fadinsketches,"{""posts_scanned"": 0, ""comments_scanned"": 5, ""high_risk_items"": 0, ""alerts_generated"": 0, ""max_risk_score"": 5.04, ""status"": ""success""}",2025-11-30 05:09:51.789489
174,Substantial-Emu-7725,daily_scan,Daily monitoring scan for u/Substantial-Emu-7725,"{""posts_scanned"": 1, ""comments_scanned"": 0, ""high_risk_items"": 1, ""alerts_generated"": 1, ""max_risk_score"": 61.95, ""status"": ""success""}",2025-11-30 05:19:37.620459
175,dopabeanes,daily_scan,Daily monitoring scan for u/dopabeanes,"{""posts_scanned"": 13, ""comments_scanned"": 0, ""high_risk_items"": 12, ""alerts_generated"": 12, ""max_risk_score"": 57.45, ""status"": ""success""}",2025-11-30 05:19:40.422915
176,fadinsketches,daily_scan,Daily monitoring scan for u/fadinsketches,"{""posts_scanned"": 0, ""comments_scanned"": 5, ""high_risk_items"": 0, ""alerts_generated"": 0, ""max_risk_score"": 5.04, ""status"": ""success""}",2025-11-30 05:19:41.109849
177,Substantial-Emu-7725,daily_scan,Daily monitoring scan for u/Substantial-Emu-7725,"{""posts_scanned"": 1, ""comments_scanned"": 0, ""high_risk_items"": 1, ""alerts_generated"": 1, ""max_risk_score"": 61.95, ""status"": ""success""}",2025-11-30 05:29:24.393555
178,dopabeanes,daily_scan,Daily monitoring scan for u/dopabeanes,"{""posts_scanned"": 13, ""comments_scanned"": 0, ""high_risk_items"": 12, ""alerts_generated"": 12, ""max_risk_score"": 57.45, ""status"": ""success""}",2025-11-30 05:29:27.441769
179,fadinsketches,daily_scan,Daily monitoring scan for u/fadinsketches,"{""posts_scanned"": 0, ""comments_scanned"": 5, ""high_risk_items"": 0, ""alerts_generated"": 0, ""max_risk_score"": 5.04, ""status"": ""success""}",2025-11-30 05:29:28.554578
180,Substantial-Emu-7725,daily_scan,Daily monitoring scan for u/Substantial-Emu-7725,"{""posts_scanned"": 1, ""comments_scanned"": 0, ""high_risk_items"": 1, ""alerts_generated"": 1, ""max_risk_score"": 61.95, ""status"": ""success""}",2025-11-30 05:38:46.091814
181,dopabeanes,daily_scan,Daily monitoring scan for u/dopabeanes,"{""posts_scanned"": 13, ""comments_scanned"": 0, ""high_risk_items"": 12, ""alerts_generated"": 12, ""max_risk_score"": 57.45, ""status"": ""success""}",2025-11-30 05:38:48.922859
182,fadinsketches,daily_scan,Daily monitoring scan for u/fadinsketches,"{""posts_scanned"": 0, ""comments_scanned"": 5, ""high_risk_items"": 0, ""alerts_generated"": 0, ""max_risk_score"": 5.04, ""status"": ""success""}",2025-11-30 05:38:49.663730
183,Substantial-Emu-7725,daily_scan,Daily monitoring scan for u/Substantial-Emu-7725,"{""posts_scanned"": 1, ""comments_scanned"": 0, ""high_risk_items"": 1, ""alerts_generated"": 1, ""max_risk_score"": 61.95, ""status"": ""success""}",2025-11-30 05:48:06.744084
184,dopabeanes,daily_scan,Daily monitoring scan for u/dopabeanes,"{""posts_scanned"": 13, ""comments_scanned"": 0, ""high_risk_items"": 12, ""alerts_generated"": 12, ""max_risk_score"": 57.45, ""status"": ""success""}",2025-11-30 05:48:09.683544
185,fadinsketches,daily_scan,Daily monitoring scan for u/fadinsketches,"{""posts_scanned"": 0, ""comments_scanned"": 5, ""high_risk_items"": 0, ""alerts_generated"": 0, ""max_risk_score"": 5.04, ""status"": ""success""}",2025-11-30 05:48:10.398322
186,Substantial-Emu-7725,daily_scan,Daily monitoring scan for u/Substantial-Emu-7725,"{""posts_scanned"": 1, ""comments_scanned"": 0, ""high_risk_items"": 1, ""alerts_generated"": 1, ""max_risk_score"": 61.95, ""status"": ""success""}",2025-11-30 05:57:29.110684
187,dopabeanes,daily_scan,Daily monitoring scan for u/dopabeanes,"{""posts_scanned"": 13, ""comments_scanned"": 0, ""high_risk_items"": 12, ""alerts_generated"": 12, ""max_risk_score"": 57.45, ""status"": ""success""}",2025-11-30 05:57:31.909689
188,fadinsketches,daily_scan,Daily monitoring scan for u/fadinsketches,"{""posts_scanned"": 0, ""comments_scanned"": 5, ""high_risk_items"": 0, ""alerts_generated"": 0, ""max_risk_score"": 5.04, ""status"": ""success""}",2025-11-30 05:57:32.653078
189,Substantial-Emu-7725,daily_scan,Daily monitoring scan for u/Substantial-Emu-7725,"{""posts_scanned"": 1, ""comments_scanned"": 0, ""high_risk_items"": 1, ""alerts_generated"": 1, ""max_risk_score"": 61.95, ""status"": ""success""}",2025-11-30 06:06:47.603912
190,dopabeanes,daily_scan,Daily monitoring scan for u/dopabeanes,"{""posts_scanned"": 13, ""comments_scanned"": 0, ""high_risk_items"": 12, ""alerts_generated"": 12, ""max_risk_score"": 57.45, ""status"": ""success""}",2025-11-30 06:06:50.407621
191,fadinsketches,daily_scan,Daily monitoring scan for u/fadinsketches,"{""posts_scanned"": 0, ""comments_scanned"": 5, ""high_risk_items"": 0, ""alerts_generated"": 0, ""max_risk_score"": 5.04, ""status"": ""success""}",2025-11-30 06:06:51.052108
192,Substantial-Emu-7725,daily_scan,Daily monitoring scan for u/Substantial-Emu-7725,"{""posts_scanned"": 1, ""comments_scanned"": 0, ""high_risk_items"": 1, ""alerts_generated"": 1, ""max_risk_score"": 61.95, ""status"": ""success""}",2025-11-30 06:15:54.016386
193,dopabeanes,daily_scan,Daily monitoring scan for u/dopabeanes,"{""posts_scanned"": 13, ""comments_scanned"": 0, ""high_risk_items"": 12, ""alerts_generated"": 12, ""max_risk_score"": 57.45, ""status"": ""success""}",2025-11-30 06:15:56.874356
194,fadinsketches,daily_scan,Daily monitoring scan for u/fadinsketches,"{""posts_scanned"": 0, ""comments_scanned"": 5, ""high_risk_items"": 0, ""alerts_generated"": 0, ""max_risk_score"": 5.04, ""status"": ""success""}",2025-11-30 06:15:57.672376
195,Substantial-Emu-7725,daily_scan,Daily monitoring scan for u/Substantial-Emu-7725,"{""posts_scanned"": 1, ""comments_scanned"": 0, ""high_risk_items"": 1, ""alerts_generated"": 1, ""max_risk_score"": 61.95, ""status"": ""success""}",2025-11-30 06:25:02.462640
196,dopabeanes,daily_scan,Daily monitoring scan for u/dopabeanes,"{""posts_scanned"": 13, ""comments_scanned"": 0, ""high_risk_items"": 12, ""alerts_generated"": 12, ""max_risk_score"": 57.45, ""status"": ""success""}",2025-11-30 06:25:05.333419
197,fadinsketches,daily_scan,Daily monitoring scan for u/fadinsketches,"{""posts_scanned"": 0, ""comments_scanned"": 5, ""high_risk_items"": 0, ""alerts_generated"": 0, ""max_risk_score"": 5.04, ""status"": ""success""}",2025-11-30 06:25:06.200992
198,Substantial-Emu-7725,daily_scan,Daily monitoring scan for u/Substantial-Emu-7725,"{""posts_scanned"": 1, ""comments_scanned"": 0, ""high_risk_items"": 1, ""alerts_generated"": 1, ""max_risk_score"": 61.95, ""status"": ""success""}",2025-11-30 06:34:21.989057
199,dopabeanes,daily_scan,Daily monitoring scan for u/dopabeanes,"{""posts_scanned"": 13, ""comments_scanned"": 0, ""high_risk_items"": 12, ""alerts_generated"": 12, ""max_risk_score"": 57.45, ""status"": ""success""}",2025-11-30 06:34:24.747253
200,fadinsketches,daily_scan,Daily monitoring scan for u/fadinsketches,"{""posts_scanned"": 0, ""comments_scanned"": 5, ""high_risk_items"": 0, ""alerts_generated"": 0, ""max_risk_score"": 5.04, ""status"": ""success""}",2025-11-30 06:34:25.438280
201,Substantial-Emu-7725,daily_scan,Daily monitoring scan for u/Substantial-Emu-7725,"{""posts_scanned"": 1, ""comments_scanned"": 0, ""high_risk_items"": 1, ""alerts_generated"": 1, ""max_risk_score"": 61.95, ""status"": ""success""}",2025-11-30 06:39:28.507316
202,dopabeanes,daily_scan,Daily monitoring scan for u/dopabeanes,"{""posts_scanned"": 13, ""comments_scanned"": 0, ""high_risk_items"": 12, ""alerts_generated"": 12, ""max_risk_score"": 57.45, ""status"": ""success""}",2025-11-30 06:39:31.383990
203,fadinsketches,daily_scan,Daily monitoring scan for u/fadinsketches,"{""posts_scanned"": 0, ""comments_scanned"": 5, ""high_risk_items"": 0, ""alerts_generated"": 0, ""max_risk_score"": 5.04, ""status"": ""success""}",2025-11-30 06:39:32.056993
204,Substantial-Emu-7725,daily_scan,Daily monitoring scan for u/Substantial-Emu-7725,"{""posts_scanned"": 1, ""comments_scanned"": 0, ""high_risk_items"": 1, ""alerts_generated"": 1, ""max_risk_score"": 61.95, ""status"": ""success""}",2025-11-30 06:48:41.139364
205,dopabeanes,daily_scan,Daily monitoring scan for u/dopabeanes,"{""posts_scanned"": 13, ""comments_scanned"": 0, ""high_risk_items"": 12, ""alerts_generated"": 12, ""max_risk_score"": 57.45, ""status"": ""success""}",2025-11-30 06:48:44.038007
206,fadinsketches,daily_scan,Daily monitoring scan for u/fadinsketches,"{""posts_scanned"": 0, ""comments_scanned"": 5, ""high_risk_items"": 0, ""alerts_generated"": 0, ""max_risk_score"": 5.04, ""status"": ""success""}",2025-11-30 06:48:44.679775
207,Substantial-Emu-7725,daily_scan,Daily monitoring scan for u/Substantial-Emu-7725,"{""posts_scanned"": 1, ""comments_scanned"": 0, ""high_risk_items"": 1, ""alerts_generated"": 1, ""max_risk_score"": 61.95, ""status"": ""success""}",2025-11-30 06:57:49.354985
208,dopabeanes,daily_scan,Daily monitoring scan for u/dopabeanes,"{""posts_scanned"": 13, ""comments_scanned"": 0, ""high_risk_items"": 12, ""alerts_generated"": 12, ""max_risk_score"": 57.45, ""status"": ""success""}",2025-11-30 06:57:52.440815
209,fadinsketches,daily_scan,Daily monitoring scan for u/fadinsketches,"{""posts_scanned"": 0, ""comments_scanned"": 5, ""high_risk_items"": 0, ""alerts_generated"": 0, ""max_risk_score"": 5.04, ""status"": ""success""}",2025-11-30 06:57:53.112681
210,Substantial-Emu-7725,daily_scan,Daily monitoring scan for u/Substantial-Emu-7725,"{""posts_scanned"": 1, ""comments_scanned"": 0, ""high_risk_items"": 1, ""alerts_generated"": 1, ""max_risk_score"": 61.95, ""status"": ""success""}",2025-11-30 07:06:53.317055
211,dopabeanes,daily_scan,Daily monitoring scan for u/dopabeanes,"{""posts_scanned"": 13, ""comments_scanned"": 0, ""high_risk_items"": 12, ""alerts_generated"": 12, ""max_risk_score"": 57.45, ""status"": ""success""}",2025-11-30 07:06:56.125228
212,fadinsketches,daily_scan,Daily monitoring scan for u/fadinsketches,"{""posts_scanned"": 0, ""comments_scanned"": 5, ""high_risk_items"": 0, ""alerts_generated"": 0, ""max_risk_score"": 5.04, ""status"": ""success""}",2025-11-30 07:06:56.875832
213,Substantial-Emu-7725,daily_scan,Daily monitoring scan for u/Substantial-Emu-7725,"{""posts_scanned"": 1, ""comments_scanned"": 0, ""high_risk_items"": 1, ""alerts_generated"": 1, ""max_risk_score"": 61.95, ""status"": ""success""}",2025-11-30 07:16:03.375670
214,dopabeanes,daily_scan,Daily monitoring scan for u/dopabeanes,"{""posts_scanned"": 13, ""comments_scanned"": 0, ""high_risk_items"": 12, ""alerts_generated"": 12, ""max_risk_score"": 57.45, ""status"": ""success""}",2025-11-30 07:16:06.175325
215,fadinsketches,daily_scan,Daily monitoring scan for u/fadinsketches,"{""posts_scanned"": 0, ""comments_scanned"": 5, ""high_risk_items"": 0, ""alerts_generated"": 0, ""max_risk_score"": 5.04, ""status"": ""success""}",2025-11-30 07:16:06.930418
216,Substantial-Emu-7725,daily_scan,Daily monitoring scan for u/Substantial-Emu-7725,"{""posts_scanned"": 1, ""comments_scanned"": 0, ""high_risk_items"": 1, ""alerts_generated"": 1, ""max_risk_score"": 61.95, ""status"": ""success""}",2025-11-30 07:25:20.340547
217,dopabeanes,daily_scan,Daily monitoring scan for u/dopabeanes,"{""posts_scanned"": 13, ""comments_scanned"": 0, ""high_risk_items"": 12, ""alerts_generated"": 12, ""max_risk_score"": 57.45, ""status"": ""success""}",2025-11-30 07:25:23.412917
218,fadinsketches,daily_scan,Daily monitoring scan for u/fadinsketches,"{""posts_scanned"": 0, ""comments_scanned"": 5, ""high_risk_items"": 0, ""alerts_generated"": 0, ""max_risk_score"": 5.04, ""status"": ""success""}",2025-11-30 07:25:24.097746
219,Substantial-Emu-7725,daily_scan,Daily monitoring scan for u/Substantial-Emu-7725,"{""posts_scanned"": 1, ""comments_scanned"": 0, ""high_risk_items"": 1, ""alerts_generated"": 1, ""max_risk_score"": 61.95, ""status"": ""success""}",2025-11-30 07:34:44.059285
220,dopabeanes,daily_scan,Daily monitoring scan for u/dopabeanes,"{""posts_scanned"": 13, ""comments_scanned"": 0, ""high_risk_items"": 12, ""alerts_generated"": 12, ""max_risk_score"": 57.45, ""status"": ""success""}",2025-11-30 07:34:46.924619
221,fadinsketches,daily_scan,Daily monitoring scan for u/fadinsketches,"{""posts_scanned"": 0, ""comments_scanned"": 5, ""high_risk_items"": 0, ""alerts_generated"": 0, ""max_risk_score"": 5.04, ""status"": ""success""}",2025-11-30 07:34:47.582763
